Gene_Name	Count	padj	URL
Sbsn	2	0.0007934379442508	https://davidbioinformatics.nih.gov/api.jsp?type=ENTREZ_GENE_ID&ids=282619&tool=geneReport
Gm10654	2	0.0018096989319906	https://davidbioinformatics.nih.gov/api.jsp?type=ENTREZ_GENE_ID&ids=665828&tool=geneReport
Kcp	2	0.0018096989319906	https://davidbioinformatics.nih.gov/api.jsp?type=ENTREZ_GENE_ID&ids=333088&tool=geneReport
Rnf4	2	0.0031128251732679	https://davidbioinformatics.nih.gov/api.jsp?type=ENTREZ_GENE_ID&ids=19822&tool=geneReport
Nup50	2	0.0040773098407519	https://davidbioinformatics.nih.gov/api.jsp?type=ENTREZ_GENE_ID&ids=18141&tool=geneReport
Wee1	2	0.0040773098407519	https://davidbioinformatics.nih.gov/api.jsp?type=ENTREZ_GENE_ID&ids=22390&tool=geneReport
Nr4a1	2	0.0046929263555399	https://davidbioinformatics.nih.gov/api.jsp?type=ENTREZ_GENE_ID&ids=15370&tool=geneReport
Spry4	2	0.0077981886293601	https://davidbioinformatics.nih.gov/api.jsp?type=ENTREZ_GENE_ID&ids=24066&tool=geneReport
Hdac7	2	0.0118346465953356	https://davidbioinformatics.nih.gov/api.jsp?type=ENTREZ_GENE_ID&ids=56233&tool=geneReport
